product_id, model, sku, upc, ean, jan, isbn, mpn, location, quantity, stock_status_id, image, manufacturer_id, shipping, price, points, tax_class_id, date_available, weight, weight_class_id, length, width, height, length_class_id, subtract, minimum, sort_order, status, viewed, date_added, date_modified, 
1, Christmas8.jpg , , , , , , , , 50, 1, catalog/images/christmas8.jpg, 1, true, 4.5000, 0, 1, 2017-06-24, 0E-8, 0, 0E-8, 0E-8, 0E-8, 0, true, 1, 2, true, 0, 1498348860000, 1498348860000, 
2, Flower4.jpg , , , , , , , , 50, 1, catalog/images/flower4.jpg, 1, true, 4.5000, 0, 1, 2017-06-24, 0E-8, 0, 0E-8, 0E-8, 0E-8, 0, true, 1, 2, true, 0, 1498348860000, 1498348860000, 
3, Christmas2.jpg , , , , , , , , 50, 1, catalog/images/christmas2.jpg, 1, true, 4.5000, 0, 1, 2017-06-24, 0E-8, 0, 0E-8, 0E-8, 0E-8, 0, true, 1, 2, true, 0, 1498348860000, 1498348860000, 
4, Birthday 30.jpg , , , , , , , , 50, 1, catalog/images/birthday_30.jpg, 1, true, 4.5000, 0, 1, 2017-06-24, 0E-8, 0, 0E-8, 0E-8, 0E-8, 0, true, 1, 2, true, 0, 1498348860000, 1498348860000, 
5, Birthday 60.jpg , , , , , , , , 50, 1, catalog/images/birthday_60.jpg, 1, true, 4.5000, 0, 1, 2017-06-24, 0E-8, 0, 0E-8, 0E-8, 0E-8, 0, true, 1, 2, true, 0, 1498348860000, 1498348860000, 
6, Christmas3.jpg , , , , , , , , 50, 1, catalog/images/christmas3.jpg, 1, true, 4.5000, 0, 1, 2017-06-24, 0E-8, 0, 0E-8, 0E-8, 0E-8, 0, true, 1, 2, true, 0, 1498348860000, 1498348860000, 
7, Seattle.jpg , , , , , , , , 50, 1, catalog/images/seattle.jpg, 1, true, 4.5000, 0, 1, 2017-06-24, 0E-8, 0, 0E-8, 0E-8, 0E-8, 0, true, 1, 2, true, 0, 1498348860000, 1498348860000, 
8, Love Heart2.jpg , , , , , , , , 50, 1, catalog/images/love_heart2.jpg, 1, true, 4.5000, 0, 1, 2017-06-24, 0E-8, 0, 0E-8, 0E-8, 0E-8, 0, true, 1, 2, true, 0, 1498348860000, 1498348860000, 
9, Tulip.jpg , , , , , , , , 50, 1, catalog/images/tulip.jpg, 1, true, 4.5000, 0, 1, 2017-06-24, 0E-8, 0, 0E-8, 0E-8, 0E-8, 0, true, 1, 2, true, 0, 1498348860000, 1498348860000, 
10, Bird.jpg , , , , , , , , 50, 1, catalog/images/bird.jpg, 1, true, 4.5000, 0, 1, 2017-06-24, 0E-8, 0, 0E-8, 0E-8, 0E-8, 0, true, 1, 2, true, 0, 1498348860000, 1498348860000, 
11, Christmas7.jpg , , , , , , , , 50, 1, catalog/images/christmas7.jpg, 1, true, 4.5000, 0, 1, 2017-06-24, 0E-8, 0, 0E-8, 0E-8, 0E-8, 0, true, 1, 2, true, 0, 1498348860000, 1498348860000, 
12, Wedding Congratulation.jpg , , , , , , , , 50, 1, catalog/images/wedding_congratulation.jpg, 1, true, 4.5000, 0, 1, 2017-06-24, 0E-8, 0, 0E-8, 0E-8, 0E-8, 0, true, 1, 2, true, 0, 1498348860000, 1498348860000, 
13, Girl Dancing.jpg , , , , , , , , 50, 1, catalog/images/girl_dancing.jpg, 1, true, 4.5000, 0, 1, 2017-06-24, 0E-8, 0, 0E-8, 0E-8, 0E-8, 0, true, 1, 2, true, 0, 1498348860000, 1498348860000, 
14, Congratulation4.jpg , , , , , , , , 50, 1, catalog/images/congratulation4.jpg, 1, true, 4.5000, 0, 1, 2017-06-24, 0E-8, 0, 0E-8, 0E-8, 0E-8, 0, true, 1, 2, true, 0, 1498348860000, 1498348860000, 
15, Gradulation.png , , , , , , , , 50, 1, catalog/images/gradulation.png, 1, true, 4.5000, 0, 1, 2017-06-24, 0E-8, 0, 0E-8, 0E-8, 0E-8, 0, true, 1, 2, true, 0, 1498348860000, 1498348860000, 
16, Birthday1.jpg , , , , , , , , 50, 1, catalog/images/birthday1.jpg, 1, true, 4.5000, 0, 1, 2017-06-24, 0E-8, 0, 0E-8, 0E-8, 0E-8, 0, true, 1, 2, true, 0, 1498348860000, 1498348860000, 
17, Birthday 50.jpg , , , , , , , , 50, 1, catalog/images/birthday_50.jpg, 1, true, 4.5000, 0, 1, 2017-06-24, 0E-8, 0, 0E-8, 0E-8, 0E-8, 0, true, 1, 2, true, 0, 1498348860000, 1498348860000, 
18, Congratulation.jpg , , , , , , , , 50, 1, catalog/images/congratulation.jpg, 1, true, 4.5000, 0, 1, 2017-06-24, 0E-8, 0, 0E-8, 0E-8, 0E-8, 0, true, 1, 2, true, 0, 1498348860000, 1498348860000, 
19, Wedding.jpg , , , , , , , , 50, 1, catalog/images/wedding.jpg, 1, true, 4.5000, 0, 1, 2017-06-24, 0E-8, 0, 0E-8, 0E-8, 0E-8, 0, true, 1, 2, true, 0, 1498348860000, 1498348860000, 
20, Birthday 40.jpg , , , , , , , , 50, 1, catalog/images/birthday_40.jpg, 1, true, 4.5000, 0, 1, 2017-06-24, 0E-8, 0, 0E-8, 0E-8, 0E-8, 0, true, 1, 2, true, 0, 1498348860000, 1498348860000, 
21, Love1.jpg , , , , , , , , 50, 1, catalog/images/love1.jpg, 1, true, 4.5000, 0, 1, 2017-06-24, 0E-8, 0, 0E-8, 0E-8, 0E-8, 0, true, 1, 2, true, 0, 1498348860000, 1498348860000, 
22, Christmas1.jpg , , , , , , , , 50, 1, catalog/images/christmas1.jpg, 1, true, 4.5000, 0, 1, 2017-06-24, 0E-8, 0, 0E-8, 0E-8, 0E-8, 0, true, 1, 2, true, 0, 1498348860000, 1498348860000, 
23, Pelicans.jpg , , , , , , , , 50, 1, catalog/images/pelicans.jpg, 1, true, 4.5000, 0, 1, 2017-06-24, 0E-8, 0, 0E-8, 0E-8, 0E-8, 0, true, 1, 2, true, 0, 1498348860000, 1498348860000, 
24, Love.jpg , , , , , , , , 50, 1, catalog/images/love.jpg, 1, true, 4.5000, 0, 1, 2017-06-24, 0E-8, 0, 0E-8, 0E-8, 0E-8, 0, true, 1, 2, true, 0, 1498348860000, 1498348860000, 
25, Birthday 75.jpg , , , , , , , , 50, 1, catalog/images/birthday_75.jpg, 1, true, 4.5000, 0, 1, 2017-06-24, 0E-8, 0, 0E-8, 0E-8, 0E-8, 0, true, 1, 2, true, 0, 1498348861000, 1498348861000, 
26, Birthday Butterfly.jpg , , , , , , , , 50, 1, catalog/images/birthday_butterfly.jpg, 1, true, 4.5000, 0, 1, 2017-06-24, 0E-8, 0, 0E-8, 0E-8, 0E-8, 0, true, 1, 2, true, 0, 1498348861000, 1498348861000, 
27, Christmas5.jpg , , , , , , , , 50, 1, catalog/images/christmas5.jpg, 1, true, 4.5000, 0, 1, 2017-06-24, 0E-8, 0, 0E-8, 0E-8, 0E-8, 0, true, 1, 2, true, 0, 1498348861000, 1498348861000, 
28, Birds1.jpg , , , , , , , , 50, 1, catalog/images/birds1.jpg, 1, true, 4.5000, 0, 1, 2017-06-24, 0E-8, 0, 0E-8, 0E-8, 0E-8, 0, true, 1, 2, true, 0, 1498348861000, 1498348861000, 
29, Baby Congratulation2.jpg , , , , , , , , 50, 1, catalog/images/baby_congratulation2.jpg, 1, true, 4.5000, 0, 1, 2017-06-24, 0E-8, 0, 0E-8, 0E-8, 0E-8, 0, true, 1, 2, true, 0, 1498348861000, 1498348861000, 
30, Love Elephant.jpg , , , , , , , , 50, 1, catalog/images/love_elephant.jpg, 1, true, 4.5000, 0, 1, 2017-06-24, 0E-8, 0, 0E-8, 0E-8, 0E-8, 0, true, 1, 2, true, 0, 1498348861000, 1498348861000, 
31, Motherday.jpg , , , , , , , , 50, 1, catalog/images/motherday.jpg, 1, true, 4.5000, 0, 1, 2017-06-24, 0E-8, 0, 0E-8, 0E-8, 0E-8, 0, true, 1, 2, true, 1, 1498348861000, 1498348861000, 
32, Birthday 16.jpg , , , , , , , , 50, 1, catalog/images/birthday_16.jpg, 1, true, 4.5000, 0, 1, 2017-06-24, 0E-8, 0, 0E-8, 0E-8, 0E-8, 0, true, 1, 2, true, 0, 1498348861000, 1498348861000, 
33, Flower.jpg , , , , , , , , 50, 1, catalog/images/flower.jpg, 1, true, 4.5000, 0, 1, 2017-06-24, 0E-8, 0, 0E-8, 0E-8, 0E-8, 0, true, 1, 2, true, 1, 1498348861000, 1498348861000, 
34, Christmas10.jpg , , , , , , , , 50, 1, catalog/images/christmas10.jpg, 1, true, 4.5000, 0, 1, 2017-06-24, 0E-8, 0, 0E-8, 0E-8, 0E-8, 0, true, 1, 2, true, 0, 1498348861000, 1498348861000, 
35, Love2.jpg , , , , , , , , 50, 1, catalog/images/love2.jpg, 1, true, 4.5000, 0, 1, 2017-06-24, 0E-8, 0, 0E-8, 0E-8, 0E-8, 0, true, 1, 2, true, 3, 1498348861000, 1498348861000, 
36, Child Swinging Tree.jpg , , , , , , , , 50, 1, catalog/images/child_swinging_tree.jpg, 1, true, 4.5000, 0, 1, 2017-06-24, 0E-8, 0, 0E-8, 0E-8, 0E-8, 0, true, 1, 2, true, 0, 1498348861000, 1498348861000, 
37, Love Baby.jpg , , , , , , , , 50, 1, catalog/images/love_baby.jpg, 1, true, 4.5000, 0, 1, 2017-06-24, 0E-8, 0, 0E-8, 0E-8, 0E-8, 0, true, 1, 2, true, 0, 1498348861000, 1498348861000, 
38, Congratulation2.jpg , , , , , , , , 50, 1, catalog/images/congratulation2.jpg, 1, true, 4.5000, 0, 1, 2017-06-24, 0E-8, 0, 0E-8, 0E-8, 0E-8, 0, true, 1, 2, true, 0, 1498348861000, 1498348861000, 
39, Baby Congratulation.jpg , , , , , , , , 50, 1, catalog/images/baby_congratulation.jpg, 1, true, 4.5000, 0, 1, 2017-06-24, 0E-8, 0, 0E-8, 0E-8, 0E-8, 0, true, 1, 2, true, 0, 1498348861000, 1498348861000, 
40, Butterflies.jpg , , , , , , , , 50, 1, catalog/images/butterflies.jpg, 1, true, 4.5000, 0, 1, 2017-06-24, 0E-8, 0, 0E-8, 0E-8, 0E-8, 0, true, 1, 2, true, 0, 1498348861000, 1498348861000, 
41, Flower1.jpg , , , , , , , , 50, 1, catalog/images/flower1.jpg, 1, true, 4.5000, 0, 1, 2017-06-24, 0E-8, 0, 0E-8, 0E-8, 0E-8, 0, true, 1, 2, true, 0, 1498348861000, 1498348861000, 
42, Birthday2.jpg , , , , , , , , 50, 1, catalog/images/birthday2.jpg, 1, true, 4.5000, 0, 1, 2017-06-24, 0E-8, 0, 0E-8, 0E-8, 0E-8, 0, true, 1, 2, true, 0, 1498348861000, 1498348861000, 
43, Congratulation3.jpg , , , , , , , , 50, 1, catalog/images/congratulation3.jpg, 1, true, 4.5000, 0, 1, 2017-06-24, 0E-8, 0, 0E-8, 0E-8, 0E-8, 0, true, 1, 2, true, 0, 1498348861000, 1498348861000, 
44, Love Swans.jpg , , , , , , , , 50, 1, catalog/images/love_swans.jpg, 1, true, 4.5000, 0, 1, 2017-06-24, 0E-8, 0, 0E-8, 0E-8, 0E-8, 0, true, 1, 2, true, 0, 1498348861000, 1498348861000, 
45, Christmas6.jpg , , , , , , , , 50, 1, catalog/images/christmas6.jpg, 1, true, 4.5000, 0, 1, 2017-06-24, 0E-8, 0, 0E-8, 0E-8, 0E-8, 0, true, 1, 2, true, 0, 1498348861000, 1498348861000, 
46, Love Heart3.jpg , , , , , , , , 50, 1, catalog/images/love_heart3.jpg, 1, true, 4.5000, 0, 1, 2017-06-24, 0E-8, 0, 0E-8, 0E-8, 0E-8, 0, true, 1, 2, true, 0, 1498348861000, 1498348861000, 
47, Good Luck.jpg , , , , , , , , 50, 1, catalog/images/good_luck.jpg, 1, true, 4.5000, 0, 1, 2017-06-24, 0E-8, 0, 0E-8, 0E-8, 0E-8, 0, true, 1, 2, true, 0, 1498348861000, 1498348861000, 
48, Congratulation1.jpg , , , , , , , , 50, 1, catalog/images/congratulation1.jpg, 1, true, 4.5000, 0, 1, 2017-06-24, 0E-8, 0, 0E-8, 0E-8, 0E-8, 0, true, 1, 2, true, 0, 1498348861000, 1498348861000, 
49, Christmas.jpg , , , , , , , , 50, 1, catalog/images/christmas.jpg, 1, true, 4.5000, 0, 1, 2017-06-24, 0E-8, 0, 0E-8, 0E-8, 0E-8, 0, true, 1, 2, true, 0, 1498348861000, 1498348861000, 
50, Birthday 70.jpg , , , , , , , , 50, 1, catalog/images/birthday_70.jpg, 1, true, 4.5000, 0, 1, 2017-06-24, 0E-8, 0, 0E-8, 0E-8, 0E-8, 0, true, 1, 2, true, 0, 1498348861000, 1498348861000, 
51, Flower5.jpg , , , , , , , , 50, 1, catalog/images/flower5.jpg, 1, true, 4.5000, 0, 1, 2017-06-24, 0E-8, 0, 0E-8, 0E-8, 0E-8, 0, true, 1, 2, true, 0, 1498348861000, 1498348861000, 
52, Love Heart.jpg , , , , , , , , 50, 1, catalog/images/love_heart.jpg, 1, true, 4.5000, 0, 1, 2017-06-24, 0E-8, 0, 0E-8, 0E-8, 0E-8, 0, true, 1, 2, true, 0, 1498348861000, 1498348861000, 
53, Christmas4.jpg , , , , , , , , 50, 1, catalog/images/christmas4.jpg, 1, true, 4.5000, 0, 1, 2017-06-24, 0E-8, 0, 0E-8, 0E-8, 0E-8, 0, true, 1, 2, true, 0, 1498348861000, 1498348861000, 
54, Flower3.jpg , , , , , , , , 50, 1, catalog/images/flower3.jpg, 1, true, 4.5000, 0, 1, 2017-06-24, 0E-8, 0, 0E-8, 0E-8, 0E-8, 0, true, 1, 2, true, 0, 1498348861000, 1498348861000, 
55, Flower2.jpg , , , , , , , , 50, 1, catalog/images/flower2.jpg, 1, true, 4.5000, 0, 1, 2017-06-24, 0E-8, 0, 0E-8, 0E-8, 0E-8, 0, true, 1, 2, true, 0, 1498348861000, 1498348861000, 
56, Christmas9.jpg , , , , , , , , 50, 1, catalog/images/christmas9.jpg, 1, true, 4.5000, 0, 1, 2017-06-24, 0E-8, 0, 0E-8, 0E-8, 0E-8, 0, true, 1, 2, true, 0, 1498348861000, 1498348861000, 
57, Baby Congratulation1.jpg , , , , , , , , 50, 1, catalog/images/baby_congratulation1.jpg, 1, true, 4.5000, 0, 1, 2017-06-24, 0E-8, 0, 0E-8, 0E-8, 0E-8, 0, true, 1, 2, true, 0, 1498348861000, 1498348861000, 
58, Birthday 80.jpg , , , , , , , , 50, 1, catalog/images/birthday_80.jpg, 1, true, 4.5000, 0, 1, 2017-06-24, 0E-8, 0, 0E-8, 0E-8, 0E-8, 0, true, 1, 2, true, 0, 1498348861000, 1498348861000, 
59, Wedding2.jpg , , , , , , , , 50, 1, catalog/images/wedding2.jpg, 1, true, 4.5000, 0, 1, 2017-06-24, 0E-8, 0, 0E-8, 0E-8, 0E-8, 0, true, 1, 2, true, 0, 1498348861000, 1498348861000, 
60, Father Day1.png , , , , , , , , 50, 1, catalog/images/father_day1.png, 1, true, 4.5000, 0, 1, 2017-06-24, 0E-8, 0, 0E-8, 0E-8, 0E-8, 0, true, 1, 2, true, 0, 1498348861000, 1498348861000, 
61, Birthday 21.jpg , , , , , , , , 50, 1, catalog/images/birthday_21.jpg, 1, true, 4.5000, 0, 1, 2017-06-24, 0E-8, 0, 0E-8, 0E-8, 0E-8, 0, true, 1, 2, true, 0, 1498348861000, 1498348861000, 
62, Cactus.jpg , , , , , , , , 50, 1, catalog/images/cactus.jpg, 1, true, 4.5000, 0, 1, 2017-06-24, 0E-8, 0, 0E-8, 0E-8, 0E-8, 0, true, 1, 2, true, 0, 1498348861000, 1498348861000, 
63, Birthday3.jpg , , , , , , , , 50, 1, catalog/images/birthday3.jpg, 1, true, 4.5000, 0, 1, 2017-06-24, 0E-8, 0, 0E-8, 0E-8, 0E-8, 0, true, 1, 2, true, 0, 1498348861000, 1498348861000, 
64, Butterfly.jpg , , , , , , , , 50, 1, catalog/images/butterfly.jpg, 1, true, 4.5000, 0, 1, 2017-06-24, 0E-8, 0, 0E-8, 0E-8, 0E-8, 0, true, 1, 2, true, 0, 1498348861000, 1498348861000, 
65, Thankyou.jpg , , , , , , , , 50, 1, catalog/images/thankyou.jpg, 1, true, 4.5000, 0, 1, 2017-06-24, 0E-8, 0, 0E-8, 0E-8, 0E-8, 0, true, 1, 2, true, 0, 1498348861000, 1498348861000, 
